Listing_Postion,Title,Brand,MRP,Price,Count_of_Rating,Count_of_reviews,Average_Rating_Score,Product_URL,Image_URL
1,Acer I Series 108 cm (43 inch) 4K Ultra HD LED Android TV with Google Assistant (2022 model),Acer ,34990.0,22999.0,52.0,48.0,4.6,https://www.croma.com/acer-i-series-108-cm-43-inch-4k-ultra-hd-led-android-tv-with-google-assistant-2022-model-/p/255843,/acer-i-series-108-cm-43-inch-4k-ultra-hd-led-android-tv-with-google-assistant-2022-model-/p/255843
2,Croma 109 cm (43 inch) 4K Ultra HD Smart WebOS TV with Dolby Audio,Croma ,50000.0,20990.0,40.0,38.0,4.3,https://www.croma.com/croma-109-cm-43-inch-4k-ultra-hd-smart-webos-tv-with-dolby-audio/p/265284,/croma-109-cm-43-inch-4k-ultra-hd-smart-webos-tv-with-dolby-audio/p/265284
3,SAMSUNG Crystal 4K Neo 108 cm (43 inch) 4K Ultra HD LED Tizen TV with Voice Assistance (2022 model),Samsung ,47900.0,29990.0,3.0,3.0,4.7,https://www.croma.com/samsung-crystal-4k-neo-108-cm-43-inch-4k-ultra-hd-led-tizen-tv-with-voice-assistance-2022-model-/p/256071,/samsung-crystal-4k-neo-108-cm-43-inch-4k-ultra-hd-led-tizen-tv-with-voice-assistance-2022-model-/p/256071
4,SAMSUNG Series 7 125 cm (50 inch) 4K Ultra HD LED Tizen TV with Alexa Compatibility (2021 model),Samsung ,69900.0,50990.0,34.0,31.0,4.5,https://www.croma.com/samsung-series-7-125-cm-50-inch-4k-ultra-hd-led-tizen-tv-with-alexa-compatibility-2021-model-/p/234369,/samsung-series-7-125-cm-50-inch-4k-ultra-hd-led-tizen-tv-with-alexa-compatibility-2021-model-/p/234369
5,Croma 127 cm (50 inch) 4K Ultra HD LED Smart WebOS TV (2022 model),Croma ,60000.0,27990.0,29.0,28.0,4.5,https://www.croma.com/croma-127-cm-50-inch-4k-ultra-hd-led-smart-webos-tv-2022-model-/p/251388,/croma-127-cm-50-inch-4k-ultra-hd-led-smart-webos-tv-2022-model-/p/251388
6,Foxsky 127 cm (50 inch) 4K Ultra HD LED Android TV with Google Assistant (2021 model),Foxsky ,82990.0,24999.0,7.0,7.0,3.3,https://www.croma.com/foxsky-127-cm-50-inch-4k-ultra-hd-led-android-tv-with-google-assistant-2021-model-/p/258796,/foxsky-127-cm-50-inch-4k-ultra-hd-led-android-tv-with-google-assistant-2021-model-/p/258796
7,SAMSUNG Crystal 4K 138 cm (55 inch) 4K Ultra HD LED Tizen Smart TV (2021 model),Samsung ,69900.0,43990.0,2.0,2.0,5.0,https://www.croma.com/samsung-crystal-4k-138-cm-55-inch-4k-ultra-hd-led-tizen-smart-tv-2021-model-/p/252331,/samsung-crystal-4k-138-cm-55-inch-4k-ultra-hd-led-tizen-smart-tv-2021-model-/p/252331
8,SAMSUNG Crystal 4K 108 cm (43 inch) 4K Ultra HD LED Tizen TV (2021 model),Samsung ,52900.0,28990.0,3.0,3.0,3.7,https://www.croma.com/samsung-crystal-4k-108-cm-43-inch-4k-ultra-hd-led-tizen-tv-2021-model-/p/252329,/samsung-crystal-4k-108-cm-43-inch-4k-ultra-hd-led-tizen-tv-2021-model-/p/252329
9,Croma 140 cm (55 inch) 4K Ultra HD LED Smart WebOS TV (2022 model),Croma ,75000.0,31990.0,18.0,16.0,4.1,https://www.croma.com/croma-140-cm-55-inch-4k-ultra-hd-led-smart-webos-tv-2022-model-/p/251389,/croma-140-cm-55-inch-4k-ultra-hd-led-smart-webos-tv-2022-model-/p/251389
10,Hisense Bezelless 126 cm (50 inch) LED 4K Ultra HD Google TV with Dolby Vision (2022 model),Hisense ,54990.0,29999.0,,,,https://www.croma.com/hisense-bezelless-126-cm-50-inch-led-4k-ultra-hd-google-tv-with-dolby-vision-2022-model-/p/267994,/hisense-bezelless-126-cm-50-inch-led-4k-ultra-hd-google-tv-with-dolby-vision-2022-model-/p/267994
11,SONY X75K 139 cm (55 inch) 4K Ultra HD LED Google Android TV with Voice Assistance (2022 model),Sony ,99900.0,62690.0,63.0,61.0,4.6,https://www.croma.com/sony-x75k-139-cm-55-inch-4k-ultra-hd-led-google-android-tv-with-voice-assistance-2022-model-/p/252947,/sony-x75k-139-cm-55-inch-4k-ultra-hd-led-google-android-tv-with-voice-assistance-2022-model-/p/252947
12,Mi 5X 108 cm (43 inch) 4K Ultra HD LED Android TV with Alexa Compatibility (2021 model),Redmi ,49999.0,30899.0,29.0,24.0,4.2,https://www.croma.com/mi-5x-108-cm-43-inch-4k-ultra-hd-led-android-tv-with-alexa-compatibility-2021-model-/p/242860,/mi-5x-108-cm-43-inch-4k-ultra-hd-led-android-tv-with-alexa-compatibility-2021-model-/p/242860
13,Kodak 7XPRO Series 108 cm (43 inch) 4K Ultra HD LED Android TV with Google Assistant (2021 model),Kodak ,33999.0,19999.0,9.0,9.0,2.4,https://www.croma.com/kodak-7xpro-series-108-cm-43-inch-4k-ultra-hd-led-android-tv-with-google-assistant-2021-model-/p/259829,/kodak-7xpro-series-108-cm-43-inch-4k-ultra-hd-led-android-tv-with-google-assistant-2021-model-/p/259829
14,Hisense A6H 108 cm (43 inch) 4K Ultra HD LED Google TV with Dolby Vision (2022 model),Hisense ,44990.0,27990.0,,,,https://www.croma.com/hisense-a6h-108-cm-43-inch-4k-ultra-hd-led-google-tv-with-dolby-vision-2022-model-/p/257093,/hisense-a6h-108-cm-43-inch-4k-ultra-hd-led-google-tv-with-dolby-vision-2022-model-/p/257093
15,Acer I Series 139 cm (55 inch) 4K Ultra HD LED Android TV with Google Assistant (2022 model),Acer ,47990.0,29999.0,36.0,34.0,4.8,https://www.croma.com/acer-i-series-139-cm-55-inch-4k-ultra-hd-led-android-tv-with-google-assistant-2022-model-/p/255845,/acer-i-series-139-cm-55-inch-4k-ultra-hd-led-android-tv-with-google-assistant-2022-model-/p/255845
16,OnePlus Y Series 138 cm (55 inch) LED 4K Ultra HD TV with Built-in Google Assistant (2022 model),OnePlus ,49999.0,39999.0,3.0,3.0,4.3,https://www.croma.com/oneplus-y-series-138-cm-55-inch-led-4k-ultra-hd-tv-with-built-in-google-assistant-2022-model-/p/265598,/oneplus-y-series-138-cm-55-inch-led-4k-ultra-hd-tv-with-built-in-google-assistant-2022-model-/p/265598
17,Aiwa Magnifiq 127 cm (50 inch) 4K Ultra HD LED Smart Android TV with Google Voice Search (2022 model),Aiwa ,69990.0,32990.0,,,,https://www.croma.com/aiwa-magnifiq-127-cm-50-inch-4k-ultra-hd-led-smart-android-tv-with-google-voice-search-2022-model-/p/268767,/aiwa-magnifiq-127-cm-50-inch-4k-ultra-hd-led-smart-android-tv-with-google-voice-search-2022-model-/p/268767
18,Aiwa Magnifiq 139 cm (55 inch) Ultra HD 4K LED Smart Android TV with Dolby Vision Support (2022 model),Aiwa ,99990.0,35990.0,,,,https://www.croma.com/aiwa-magnifiq-139-cm-55-inch-ultra-hd-4k-led-smart-android-tv-with-dolby-vision-support-2022-model-/p/268768,/aiwa-magnifiq-139-cm-55-inch-ultra-hd-4k-led-smart-android-tv-with-dolby-vision-support-2022-model-/p/268768
19,AIWA 108 cm (43 inch) 4K Ultra HD LED Android TV with Crystal Vision Technology,AIWA ,59990.0,27690.0,,,,https://www.croma.com/aiwa-108-cm-43-inch-4k-ultra-hd-led-android-tv-with-crystal-vision-technology/p/268766,/aiwa-108-cm-43-inch-4k-ultra-hd-led-android-tv-with-crystal-vision-technology/p/268766
20,Hisense Bezelless 139 cm (55 inch) LED 4K Ultra HD Google TV with Dolby Vision (2022 model),Hisense ,59990.0,34999.0,,,,https://www.croma.com/hisense-bezelless-139-cm-55-inch-led-4k-ultra-hd-google-tv-with-dolby-vision-2022-model-/p/267995,/hisense-bezelless-139-cm-55-inch-led-4k-ultra-hd-google-tv-with-dolby-vision-2022-model-/p/267995
21,Kodak Matrix 139 cm (55 inch) QLED 4K Ultra HD Google TV with DTS TruSurround Technology (2022 model),Kodak ,59999.0,35999.0,,,,https://www.croma.com/kodak-matrix-139-cm-55-inch-qled-4k-ultra-hd-google-tv-with-dts-trusurround-technology-2022-model-/p/267684,/kodak-matrix-139-cm-55-inch-qled-4k-ultra-hd-google-tv-with-dts-trusurround-technology-2022-model-/p/267684
22,Kodak Matrix 126 cm (50 inch) QLED 4K Ultra HD Google TV with DTS TruSurround Technology (2022 model),Kodak ,49999.0,31999.0,,,,https://www.croma.com/kodak-matrix-126-cm-50-inch-qled-4k-ultra-hd-google-tv-with-dts-trusurround-technology-2022-model-/p/267683,/kodak-matrix-126-cm-50-inch-qled-4k-ultra-hd-google-tv-with-dts-trusurround-technology-2022-model-/p/267683
23,SANSUI 140 cm (55 inch) 4K Ultra HD LED Android TV with Dolby Atmos (2021 model),SANSUI ,56790.0,32990.0,2.0,,1.0,https://www.croma.com/sansui-140-cm-55-inch-4k-ultra-hd-led-android-tv-with-dolby-atmos-2021-model-/p/267415,/sansui-140-cm-55-inch-4k-ultra-hd-led-android-tv-with-dolby-atmos-2021-model-/p/267415
24,SANSUI 127 cm (50 inch) 4K Ultra HD LED Android TV with Dolby Atmos,SANSUI ,56790.0,28499.0,,,,https://www.croma.com/sansui-127-cm-50-inch-4k-ultra-hd-led-android-tv-with-dolby-atmos/p/267414,/sansui-127-cm-50-inch-4k-ultra-hd-led-android-tv-with-dolby-atmos/p/267414
25,SANSUI 109 cm (43 inch) 4K Ultra HD LED Android TV with Dolby Atmos (2022 model),SANSUI ,38990.0,24499.0,,,,https://www.croma.com/sansui-109-cm-43-inch-4k-ultra-hd-led-android-tv-with-dolby-atmos-2022-model-/p/267413,/sansui-109-cm-43-inch-4k-ultra-hd-led-android-tv-with-dolby-atmos-2022-model-/p/267413
26,Hisense 65A7H 165 cm (65 inch) LED 4K Ultra HD Google TV with Dolby Vision & Dolby Atmos (2022 model),Hisense ,99990.0,51999.0,,,,https://www.croma.com/hisense-65a7h-165-cm-65-inch-led-4k-ultra-hd-google-tv-with-dolby-vision-dolby-atmos-2022-model-/p/267239,/hisense-65a7h-165-cm-65-inch-led-4k-ultra-hd-google-tv-with-dolby-vision-dolby-atmos-2022-model-/p/267239
27,Hisense 55A7H 139 cm (55 inch) LED 4K Ultra HD Google TV with Dolby Vision & Dolby Atmos (2022 model),Hisense ,69990.0,39999.0,,,,https://www.croma.com/hisense-55a7h-139-cm-55-inch-led-4k-ultra-hd-google-tv-with-dolby-vision-dolby-atmos-2022-model-/p/267238,/hisense-55a7h-139-cm-55-inch-led-4k-ultra-hd-google-tv-with-dolby-vision-dolby-atmos-2022-model-/p/267238
28,Hisense 50A7H 126 cm (50 inch) LED 4K Ultra HD Google TV with Dolby Vision & Dolby Atmos (2022 model),Hisense ,54990.0,34990.0,,,,https://www.croma.com/hisense-50a7h-126-cm-50-inch-led-4k-ultra-hd-google-tv-with-dolby-vision-dolby-atmos-2022-model-/p/267237,/hisense-50a7h-126-cm-50-inch-led-4k-ultra-hd-google-tv-with-dolby-vision-dolby-atmos-2022-model-/p/267237
29,XElectron Series X 108 cm (43 inch) LED 4K Ultra HD Android TV with Dolby Vision & Dolby Atmos (2022 model),X Electron ,34999.0,17699.0,3.0,3.0,5.0,https://www.croma.com/xelectron-series-x-108-cm-43-inch-led-4k-ultra-hd-android-tv-with-dolby-vision-dolby-atmos-2022-model-/p/266673,/xelectron-series-x-108-cm-43-inch-led-4k-ultra-hd-android-tv-with-dolby-vision-dolby-atmos-2022-model-/p/266673
30,TCL P Series 165.1 cm (65 inch) 4K Ultra HD LED Android 11 Google TV with Dolby Audio Digital Decoder,TCL ,124990.0,49990.0,,,,https://www.croma.com/tcl-p-series-165-1-cm-65-inch-4k-ultra-hd-led-android-11-google-tv-with-dolby-audio-digital-decoder/p/265854,/tcl-p-series-165-1-cm-65-inch-4k-ultra-hd-led-android-11-google-tv-with-dolby-audio-digital-decoder/p/265854
31,TCL 55P635 139.7 cm (55 inch) 4K Ultra HD LED Android TV with Dolby Audio (2022 model),TCL ,77990.0,36990.0,,,,https://www.croma.com/tcl-55p635-139-7-cm-55-inch-4k-ultra-hd-led-android-tv-with-dolby-audio-2022-model-/p/265853,/tcl-55p635-139-7-cm-55-inch-4k-ultra-hd-led-android-tv-with-dolby-audio-2022-model-/p/265853
32,Haier 109 cm (43 inch) LED 4K Ultra HD Android TV with Google Assistant (2022 model),Haier ,51990.0,32990.0,3.0,3.0,4.7,https://www.croma.com/haier-109-cm-43-inch-led-4k-ultra-hd-android-tv-with-google-assistant-2022-model-/p/264074,/haier-109-cm-43-inch-led-4k-ultra-hd-android-tv-with-google-assistant-2022-model-/p/264074
33,TCL P635 109.22 cm (43 inch) 4K Ultra HD Google TV with Dolby Audio (2022 model),TCL ,55990.0,25990.0,,,,https://www.croma.com/tcl-p635-109-22-cm-43-inch-4k-ultra-hd-google-tv-with-dolby-audio-2022-model-/p/262665,/tcl-p635-109-22-cm-43-inch-4k-ultra-hd-google-tv-with-dolby-audio-2022-model-/p/262665
34,Acer P Series 100 cm (40 inch) Full HD LED Android TV with Dolby Audio,Acer ,24990.0,16999.0,,,,https://www.croma.com/acer-p-series-100-cm-40-inch-full-hd-led-android-tv-with-dolby-audio/p/262345,/acer-p-series-100-cm-40-inch-full-hd-led-android-tv-with-dolby-audio/p/262345
35,Sony X90K 189.03 cm (75 inch) 4K Ultra HD LED Google Android TV with Voice Assistance (2022 model),Sony ,379900.0,246990.0,2.0,2.0,4.5,https://www.croma.com/sony-x90k-189-03-cm-75-inch-4k-ultra-hd-led-google-android-tv-with-voice-assistance-2022-model-/p/260214,/sony-x90k-189-03-cm-75-inch-4k-ultra-hd-led-google-android-tv-with-voice-assistance-2022-model-/p/260214
36,SONY X85K Series 138.8 cm (55 inch) 4K Ultra HD LED Google Android TV with Voice Assistance (2022 model),Sony ,149900.0,85490.0,2.0,2.0,4.5,https://www.croma.com/sony-x85k-series-138-8-cm-55-inch-4k-ultra-hd-led-google-android-tv-with-voice-assistance-2022-model-/p/259949,/sony-x85k-series-138-8-cm-55-inch-4k-ultra-hd-led-google-android-tv-with-voice-assistance-2022-model-/p/259949
37,SONY X85K Series 214.8 cm (85 inch) 4K Ultra HD LED Google Android TV with Voice Assistance (2022 model),Sony ,599900.0,351490.0,,,,https://www.croma.com/sony-x85k-series-214-8-cm-85-inch-4k-ultra-hd-led-google-android-tv-with-voice-assistance-2022-model-/p/259309,/sony-x85k-series-214-8-cm-85-inch-4k-ultra-hd-led-google-android-tv-with-voice-assistance-2022-model-/p/259309
38,LG UQ75 108 cm (43 inch) 4K Ultra HD LED WebOS TV with Voice Assistance (2022 model),LG ,47990.0,39990.0,5.0,5.0,4.4,https://www.croma.com/lg-uq75-108-cm-43-inch-4k-ultra-hd-led-webos-tv-with-voice-assistance-2022-model-/p/257221,/lg-uq75-108-cm-43-inch-4k-ultra-hd-led-webos-tv-with-voice-assistance-2022-model-/p/257221
39,LG QNED81 164 cm (65 inch) 4K Ultra HD QNED WebOS TV with LG Voice Search (2022 model),LG ,169990.0,129990.0,,,,https://www.croma.com/lg-qned81-164-cm-65-inch-4k-ultra-hd-qned-webos-tv-with-lg-voice-search-2022-model-/p/258887,/lg-qned81-164-cm-65-inch-4k-ultra-hd-qned-webos-tv-with-lg-voice-search-2022-model-/p/258887
40,LG QNED81 139 cm (55 inch) 4K Ultra HD QNED WebOS TV with LG Voice Search (2022 model),LG ,119990.0,80990.0,10.0,10.0,3.9,https://www.croma.com/lg-qned81-139-cm-55-inch-4k-ultra-hd-qned-webos-tv-with-lg-voice-search-2022-model-/p/258884,/lg-qned81-139-cm-55-inch-4k-ultra-hd-qned-webos-tv-with-lg-voice-search-2022-model-/p/258884
41,LG UQ75 139 cm (55 inch) 4K Ultra HD LED WebOS TV with Voice Assistance (2022 model),LG ,71990.0,57490.0,3.0,3.0,5.0,https://www.croma.com/lg-uq75-139-cm-55-inch-4k-ultra-hd-led-webos-tv-with-voice-assistance-2022-model-/p/257092,/lg-uq75-139-cm-55-inch-4k-ultra-hd-led-webos-tv-with-voice-assistance-2022-model-/p/257092
42,LG UQ75 165.1 cm (65 inch) 4K Ultra HD LED WebOS TV with Voice Assistance (2022 model),LG ,104990.0,89990.0,,,,https://www.croma.com/lg-uq75-165-1-cm-65-inch-4k-ultra-hd-led-webos-tv-with-voice-assistance-2022-model-/p/258889,/lg-uq75-165-1-cm-65-inch-4k-ultra-hd-led-webos-tv-with-voice-assistance-2022-model-/p/258889
43,LG UQ80 139 cm (55 inch) 4K Ultra HD LED WebOS TV with Voice Assistance (2022 model),LG ,84990.0,48990.0,3.0,3.0,5.0,https://www.croma.com/lg-uq80-139-cm-55-inch-4k-ultra-hd-led-webos-tv-with-voice-assistance-2022-model-/p/259359,/lg-uq80-139-cm-55-inch-4k-ultra-hd-led-webos-tv-with-voice-assistance-2022-model-/p/259359
44,LG NANO75 217 cm (86 inch) 4K Ultra HD Nano Cell WebOS TV with Voice Assistance (2022 model),LG ,554990.0,469990.0,1.0,1.0,4.0,https://www.croma.com/lg-nano75-217-cm-86-inch-4k-ultra-hd-nano-cell-webos-tv-with-voice-assistance-2022-model-/p/258429,/lg-nano75-217-cm-86-inch-4k-ultra-hd-nano-cell-webos-tv-with-voice-assistance-2022-model-/p/258429
45,LG NANO75 164 cm (65 inch) 4K Ultra HD Nano Cell WebOS TV with Voice Assistance (2022 model),LG ,134990.0,99990.0,6.0,6.0,4.5,https://www.croma.com/lg-nano75-164-cm-65-inch-4k-ultra-hd-nano-cell-webos-tv-with-voice-assistance-2022-model-/p/258431,/lg-nano75-164-cm-65-inch-4k-ultra-hd-nano-cell-webos-tv-with-voice-assistance-2022-model-/p/258431
46,LG NANO75 139 cm (55 inch) 4K Ultra HD Nano Cell WebOS TV with Voice Assistance,LG ,94990.0,78990.0,55.0,53.0,4.6,https://www.croma.com/lg-nano75-139-cm-55-inch-4k-ultra-hd-nano-cell-webos-tv-with-voice-assistance/p/258430,/lg-nano75-139-cm-55-inch-4k-ultra-hd-nano-cell-webos-tv-with-voice-assistance/p/258430
47,LG G2 164 cm (65 inch) 4K Ultra HD OLED WebOS TV with Voice Assistance (2022 model),LG ,399990.0,292990.0,1.0,1.0,5.0,https://www.croma.com/lg-g2-164-cm-65-inch-4k-ultra-hd-oled-webos-tv-with-voice-assistance-2022-model-/p/258426,/lg-g2-164-cm-65-inch-4k-ultra-hd-oled-webos-tv-with-voice-assistance-2022-model-/p/258426
48,LG G2 139 cm (55 inch) 4K Ultra HD OLED WebOS TV with Voice Assistance (2022 model),LG ,254990.0,156990.0,10.0,10.0,4.3,https://www.croma.com/lg-g2-139-cm-55-inch-4k-ultra-hd-oled-webos-tv-with-voice-assistance-2022-model-/p/258424,/lg-g2-139-cm-55-inch-4k-ultra-hd-oled-webos-tv-with-voice-assistance-2022-model-/p/258424
49,LG B2 139 cm (55 inch) 4K Ultra HD OLED WebOS TV with Voice Assistance (2022 model),LG ,159990.0,134990.0,,,,https://www.croma.com/lg-b2-139-cm-55-inch-4k-ultra-hd-oled-webos-tv-with-voice-assistance-2022-model-/p/258423,/lg-b2-139-cm-55-inch-4k-ultra-hd-oled-webos-tv-with-voice-assistance-2022-model-/p/258423
50,LG NANO75 108 cm (43 inch) 4K Ultra HD Nano Cell WebOS TV with Voice Assistance (2022 model),LG ,61990.0,52990.0,5.0,4.0,4.8,https://www.croma.com/lg-nano75-108-cm-43-inch-4k-ultra-hd-nano-cell-webos-tv-with-voice-assistance-2022-model-/p/257220,/lg-nano75-108-cm-43-inch-4k-ultra-hd-nano-cell-webos-tv-with-voice-assistance-2022-model-/p/257220
51,LG UQ80 189 cm (74 inch) 4K Ultra HD LED WebOS TV with Voice Assistance (2022 model),LG ,224990.0,157990.0,7.0,7.0,4.7,https://www.croma.com/lg-uq80-189-cm-74-inch-4k-ultra-hd-led-webos-tv-with-voice-assistance-2022-model-/p/257198,/lg-uq80-189-cm-74-inch-4k-ultra-hd-led-webos-tv-with-voice-assistance-2022-model-/p/257198
52,LG UQ80 177 cm (70 inch) 4K Ultra HD LED WebOS TV with Voice Assistance (2022 model),LG ,164990.0,105990.0,3.0,3.0,4.7,https://www.croma.com/lg-uq80-177-cm-70-inch-4k-ultra-hd-led-webos-tv-with-voice-assistance-2022-model-/p/257197,/lg-uq80-177-cm-70-inch-4k-ultra-hd-led-webos-tv-with-voice-assistance-2022-model-/p/257197
53,LG UQ80 126 cm (50 inch) 4K Ultra HD LED WebOS TV with Voice Assistance (2022 model),LG ,72990.0,50490.0,16.0,15.0,4.1,https://www.croma.com/lg-uq80-126-cm-50-inch-4k-ultra-hd-led-webos-tv-with-voice-assistance-2022-model-/p/257196,/lg-uq80-126-cm-50-inch-4k-ultra-hd-led-webos-tv-with-voice-assistance-2022-model-/p/257196
54,LG UQ80 164 cm (65 inch) 4K Ultra HD LED WebOS TV with Voice Assistance (2022 model),LG ,124990.0,84990.0,19.0,19.0,4.5,https://www.croma.com/lg-uq80-164-cm-65-inch-4k-ultra-hd-led-webos-tv-with-voice-assistance-2022-model-/p/257195,/lg-uq80-164-cm-65-inch-4k-ultra-hd-led-webos-tv-with-voice-assistance-2022-model-/p/257195
55,SONY X80K Series 189 cm (75 inch) 4K Ultra HD LED Google Android TV with Voice Assistance (2022 model),Sony ,269900.0,151990.0,6.0,6.0,4.8,https://www.croma.com/sony-x80k-series-189-cm-75-inch-4k-ultra-hd-led-google-android-tv-with-voice-assistance-2022-model-/p/256873,/sony-x80k-series-189-cm-75-inch-4k-ultra-hd-led-google-android-tv-with-voice-assistance-2022-model-/p/256873
56,SONY X80K Series 163.9 cm (65 inch) 4K Ultra HD LED Google Android TV with Voice Assistance (2022 model),Sony ,164900.0,96890.0,18.0,17.0,4.6,https://www.croma.com/sony-x80k-series-163-9-cm-65-inch-4k-ultra-hd-led-google-android-tv-with-voice-assistance-2022-model-/p/257131,/sony-x80k-series-163-9-cm-65-inch-4k-ultra-hd-led-google-android-tv-with-voice-assistance-2022-model-/p/257131
57,SONY Bravia 108 cm (43 inch) 4K Ultra HD LED Google Android TV with Voice Assistance (2022 model),Sony ,99900.0,66490.0,12.0,12.0,4.3,https://www.croma.com/sony-bravia-108-cm-43-inch-4k-ultra-hd-led-google-android-tv-with-voice-assistance-2022-model-/p/253065,/sony-bravia-108-cm-43-inch-4k-ultra-hd-led-google-android-tv-with-voice-assistance-2022-model-/p/253065
58,SONY Bravia X80K 125.7 cm (50 inch) 4K Ultra HD LED Google Android TV with Voice Assistance (2022 model),Sony ,114900.0,74090.0,3.0,3.0,5.0,https://www.croma.com/sony-bravia-x80k-125-7-cm-50-inch-4k-ultra-hd-led-google-android-tv-with-voice-assistance-2022-model-/p/256346,/sony-bravia-x80k-125-7-cm-50-inch-4k-ultra-hd-led-google-android-tv-with-voice-assistance-2022-model-/p/256346
59,SONY Bravia XR 163.9 cm (65 inch) 4K Ultra HD LED Google Android TV with Voice Assistance (2022 model),Sony ,229900.0,142490.0,6.0,6.0,4.8,https://www.croma.com/sony-bravia-xr-163-9-cm-65-inch-4k-ultra-hd-led-google-android-tv-with-voice-assistance-2022-model-/p/256348,/sony-bravia-xr-163-9-cm-65-inch-4k-ultra-hd-led-google-android-tv-with-voice-assistance-2022-model-/p/256348
60,Sony X90K 138.8 cm (55 inch) 4K Ultra HD LED Google Android TV with Voice Assistance (2022 model),Sony ,169900.0,104490.0,10.0,10.0,4.5,https://www.croma.com/sony-x90k-138-8-cm-55-inch-4k-ultra-hd-led-google-android-tv-with-voice-assistance-2022-model-/p/256347,/sony-x90k-138-8-cm-55-inch-4k-ultra-hd-led-google-android-tv-with-voice-assistance-2022-model-/p/256347
61,Acer I Series 126 cm (50 inch) 4K Ultra HD LED Android TV with Google Assistant (2022 model),Acer ,40990.0,26999.0,34.0,33.0,4.5,https://www.croma.com/acer-i-series-126-cm-50-inch-4k-ultra-hd-led-android-tv-with-google-assistant-2022-model-/p/255844,/acer-i-series-126-cm-50-inch-4k-ultra-hd-led-android-tv-with-google-assistant-2022-model-/p/255844
62,LG UQ80 139 cm (55 inch) 4K Ultra HD LED WebOS TV with Voice Assistance (2022 model),LG ,84990.0,59990.0,84.0,81.0,4.7,https://www.croma.com/lg-uq80-139-cm-55-inch-4k-ultra-hd-led-webos-tv-with-voice-assistance-2022-model-/p/256092,/lg-uq80-139-cm-55-inch-4k-ultra-hd-led-webos-tv-with-voice-assistance-2022-model-/p/256092
63,LG UQ80 108 cm (43 inch) 4K Ultra HD LED WebOS TV with Voice Assistance (2022 model),LG ,59990.0,40990.0,75.0,69.0,4.5,https://www.croma.com/lg-uq80-108-cm-43-inch-4k-ultra-hd-led-webos-tv-with-voice-assistance-2022-model-/p/256198,/lg-uq80-108-cm-43-inch-4k-ultra-hd-led-webos-tv-with-voice-assistance-2022-model-/p/256198
64,TCL S Series 101 cm (40 inch) Full HD LED Smart Android TV with Google Assistant,TCL ,41490.0,18889.0,8.0,7.0,3.3,https://www.croma.com/tcl-s-series-101-cm-40-inch-full-hd-led-smart-android-tv-with-google-assistant/p/256196,/tcl-s-series-101-cm-40-inch-full-hd-led-smart-android-tv-with-google-assistant/p/256196
65,TCL C835 190.5 cm (75 inch) 4K Ultra HD QLED Android TV with Voice Assistance (2022 model),TCL ,429990.0,229990.0,,,,https://www.croma.com/tcl-c835-190-5-cm-75-inch-4k-ultra-hd-qled-android-tv-with-voice-assistance-2022-model-/p/255764,/tcl-c835-190-5-cm-75-inch-4k-ultra-hd-qled-android-tv-with-voice-assistance-2022-model-/p/255764
66,TCL C Series 190.5 cm (75 inch) 4K Ultra HD QLED Android TV with Voice Assistance (2022 model),TCL ,299990.0,149990.0,,,,https://www.croma.com/tcl-c-series-190-5-cm-75-inch-4k-ultra-hd-qled-android-tv-with-voice-assistance-2022-model-/p/255763,/tcl-c-series-190-5-cm-75-inch-4k-ultra-hd-qled-android-tv-with-voice-assistance-2022-model-/p/255763
67,TCL C835 138.7 cm (55 inch) 4K Ultra HD LED Android TV with Voice Assistance (2022 model),TCL ,249990.0,119990.0,,,,https://www.croma.com/tcl-c835-138-7-cm-55-inch-4k-ultra-hd-led-android-tv-with-voice-assistance-2022-model-/p/255758,/tcl-c835-138-7-cm-55-inch-4k-ultra-hd-led-android-tv-with-voice-assistance-2022-model-/p/255758
68,TCL P735 165.1 cm (65 inch) 4K Ultra HD LED Android TV with Voice Assistance (2022 model),TCL ,125990.0,65990.0,,,,https://www.croma.com/tcl-p735-165-1-cm-65-inch-4k-ultra-hd-led-android-tv-with-voice-assistance-2022-model-/p/255762,/tcl-p735-165-1-cm-65-inch-4k-ultra-hd-led-android-tv-with-voice-assistance-2022-model-/p/255762
69,TCL P735 127 cm (50 inch) 4K Ultra HD LED Android TV with Google Assistant (2022 model),TCL ,75990.0,33990.0,,,,https://www.croma.com/tcl-p735-127-cm-50-inch-4k-ultra-hd-led-android-tv-with-google-assistant-2022-model-/p/255756,/tcl-p735-127-cm-50-inch-4k-ultra-hd-led-android-tv-with-google-assistant-2022-model-/p/255756
70,TCL C835 Series 165 cm (65 inch) 4K Ultra HD QLED Android TV with Google Assistant,TCL ,309990.0,159990.0,,,,https://www.croma.com/tcl-c835-series-165-cm-65-inch-4k-ultra-hd-qled-android-tv-with-google-assistant/p/255761,/tcl-c835-series-165-cm-65-inch-4k-ultra-hd-qled-android-tv-with-google-assistant/p/255761
71,TCL C Series 165.1 cm (65 inch) 4K Ultra HD QLED Android TV with Voice Assistance (2022 model),TCL ,164990.0,75990.0,3.0,3.0,4.7,https://www.croma.com/tcl-c-series-165-1-cm-65-inch-4k-ultra-hd-qled-android-tv-with-voice-assistance-2022-model-/p/255760,/tcl-c-series-165-1-cm-65-inch-4k-ultra-hd-qled-android-tv-with-voice-assistance-2022-model-/p/255760
72,TCL P735 139 cm (55 inch) 4K Ultra HD LED Android TV with Voice Assistance,TCL ,82990.0,40990.0,11.0,11.0,4.1,https://www.croma.com/tcl-p735-139-cm-55-inch-4k-ultra-hd-led-android-tv-with-voice-assistance/p/255759,/tcl-p735-139-cm-55-inch-4k-ultra-hd-led-android-tv-with-voice-assistance/p/255759
73,TCL C Series 139.7 cm (55 inch) 4K Ultra HD QLED Android TV with Voice Assistance (2022 model),TCL ,119990.0,44990.0,11.0,11.0,4.3,https://www.croma.com/tcl-c-series-139-7-cm-55-inch-4k-ultra-hd-qled-android-tv-with-voice-assistance-2022-model-/p/255757,/tcl-c-series-139-7-cm-55-inch-4k-ultra-hd-qled-android-tv-with-voice-assistance-2022-model-/p/255757
74,TCL C Series 127 cm (50 inch) 4K Ultra HD QLED Android TV with Voice Assistance (2022 model),TCL ,112990.0,45990.0,1.0,,4.0,https://www.croma.com/tcl-c-series-127-cm-50-inch-4k-ultra-hd-qled-android-tv-with-voice-assistance-2022-model-/p/255755,/tcl-c-series-127-cm-50-inch-4k-ultra-hd-qled-android-tv-with-voice-assistance-2022-model-/p/255755
75,SONY X75K Series 164 cm (65 inch) 4K Ultra HD LED Google Android TV with Voice Assistance (2022 model),Sony ,139900.0,77890.0,16.0,14.0,4.8,https://www.croma.com/sony-x75k-series-164-cm-65-inch-4k-ultra-hd-led-google-android-tv-with-voice-assistance-2022-model-/p/252946,/sony-x75k-series-164-cm-65-inch-4k-ultra-hd-led-google-android-tv-with-voice-assistance-2022-model-/p/252946
76,SONY X80K Series 139.7 cm (55 inch) 4K Ultra HD LED Google Android TV with Voice Assistance (2022 model),Sony ,129900.0,78840.0,38.0,37.0,4.7,https://www.croma.com/sony-x80k-series-139-7-cm-55-inch-4k-ultra-hd-led-google-android-tv-with-voice-assistance-2022-model-/p/255754,/sony-x80k-series-139-7-cm-55-inch-4k-ultra-hd-led-google-android-tv-with-voice-assistance-2022-model-/p/255754
77,SAMSUNG 7 189 cm (75 inch) 4K Ultra HD LED Tizen TV with Voice Assistance (2022 model),Samsung ,224900.0,149990.0,2.0,2.0,5.0,https://www.croma.com/samsung-7-189-cm-75-inch-4k-ultra-hd-led-tizen-tv-with-voice-assistance-2022-model-/p/255736,/samsung-7-189-cm-75-inch-4k-ultra-hd-led-tizen-tv-with-voice-assistance-2022-model-/p/255736
78,Sony X75K 126 cm (50 inch) 4K Ultra HD LED Google Android TV with Voice Assistance (2022 model),Sony ,85900.0,57940.0,23.0,22.0,4.6,https://www.croma.com/sony-x75k-126-cm-50-inch-4k-ultra-hd-led-google-android-tv-with-voice-assistance-2022-model-/p/252948,/sony-x75k-126-cm-50-inch-4k-ultra-hd-led-google-android-tv-with-voice-assistance-2022-model-/p/252948
79,"TCL 109cm (43 Inch) Ultra HD 4K LED Smart TV (Dolby Audio, 43P735, Black)",TCL ,55990.0,26990.0,14.0,14.0,4.5,https://www.croma.com/tcl-109cm-43-inch-ultra-hd-4k-led-smart-tv-dolby-audio-43p735-black-/p/253097,/tcl-109cm-43-inch-ultra-hd-4k-led-smart-tv-dolby-audio-43p735-black-/p/253097
80,SONY Bravia X75K 108 cm (43 inch) 4K Ultra HD LED Google Android TV with Alexa Compatibility,Sony ,69900.0,46540.0,73.0,70.0,4.6,https://www.croma.com/sony-bravia-x75k-108-cm-43-inch-4k-ultra-hd-led-google-android-tv-with-alexa-compatibility/p/252943,/sony-bravia-x75k-108-cm-43-inch-4k-ultra-hd-led-google-android-tv-with-alexa-compatibility/p/252943
81,Hyundai 140 cm (55 inch) 4K Ultra HD LED WebOS TV with Alexa Compatibility (2022 model),HYUNDAI ,99000.0,33999.0,,,,https://www.croma.com/hyundai-140-cm-55-inch-4k-ultra-hd-led-webos-tv-with-alexa-compatibility-2022-model-/p/252327,/hyundai-140-cm-55-inch-4k-ultra-hd-led-webos-tv-with-alexa-compatibility-2022-model-/p/252327
82,Hyundai 126 cm (50 inch) 4K Ultra HD LED WebOS TV with HDR 10+,HYUNDAI ,79000.0,29499.0,,,,https://www.croma.com/hyundai-126-cm-50-inch-4k-ultra-hd-led-webos-tv-with-hdr-10+/p/252326,/hyundai-126-cm-50-inch-4k-ultra-hd-led-webos-tv-with-hdr-10+/p/252326
83,Hyundai 109 cm (43 inch) 4K Ultra HD LED WebOS TV with Alexa Compatibility (2022 model),HYUNDAI ,59000.0,23999.0,1.0,1.0,4.0,https://www.croma.com/hyundai-109-cm-43-inch-4k-ultra-hd-led-webos-tv-with-alexa-compatibility-2022-model-/p/252325,/hyundai-109-cm-43-inch-4k-ultra-hd-led-webos-tv-with-alexa-compatibility-2022-model-/p/252325
84,SAMSUNG Crystal 4K 163 cm (65 inch) 4K Ultra HD LED Tizen TV (2021 model),Samsung ,116900.0,69990.0,,,,https://www.croma.com/samsung-crystal-4k-163-cm-65-inch-4k-ultra-hd-led-tizen-tv-2021-model-/p/252332,/samsung-crystal-4k-163-cm-65-inch-4k-ultra-hd-led-tizen-tv-2021-model-/p/252332
85,SAMSUNG Crystal 4K 125 cm (50 inch) 4K Ultra HD LED Tizen TV (2021 model),Samsung ,68400.0,43990.0,,,,https://www.croma.com/samsung-crystal-4k-125-cm-50-inch-4k-ultra-hd-led-tizen-tv-2021-model-/p/252330,/samsung-crystal-4k-125-cm-50-inch-4k-ultra-hd-led-tizen-tv-2021-model-/p/252330
86,SAMSUNG Series 8 216 cm (85 inch) 4K Ultra HD LED Tizen TV with Alexa Compatibility,Samsung ,519900.0,364990.0,,,,https://www.croma.com/samsung-series-8-216-cm-85-inch-4k-ultra-hd-led-tizen-tv-with-alexa-compatibility/p/252010,/samsung-series-8-216-cm-85-inch-4k-ultra-hd-led-tizen-tv-with-alexa-compatibility/p/252010
87,SAMSUNG LS Frame Series 125 cm (50 inch) QLED 4K Ultra HD Tizen TV with Alexa Compatibility,Samsung ,124900.0,69990.0,1.0,1.0,5.0,https://www.croma.com/samsung-ls-frame-series-125-cm-50-inch-qled-4k-ultra-hd-tizen-tv-with-alexa-compatibility/p/251980,/samsung-ls-frame-series-125-cm-50-inch-qled-4k-ultra-hd-tizen-tv-with-alexa-compatibility/p/251980
88,SAMSUNG Series 6 189 cm (75 inch) QLED 4K Ultra HD Tizen TV with Alexa Compatibility,Samsung ,384900.0,339900.0,,,,https://www.croma.com/samsung-series-6-189-cm-75-inch-qled-4k-ultra-hd-tizen-tv-with-alexa-compatibility/p/251988,/samsung-series-6-189-cm-75-inch-qled-4k-ultra-hd-tizen-tv-with-alexa-compatibility/p/251988
89,SAMSUNG LS Frame Series 189 cm (75 inch) QLED 4K Ultra HD Tizen TV with Alexa Compatibility,Samsung ,424900.0,289990.0,,,,https://www.croma.com/samsung-ls-frame-series-189-cm-75-inch-qled-4k-ultra-hd-tizen-tv-with-alexa-compatibility/p/251983,/samsung-ls-frame-series-189-cm-75-inch-qled-4k-ultra-hd-tizen-tv-with-alexa-compatibility/p/251983
90,SAMSUNG Series 9 189 cm (75 inch) QLED 4K Ultra HD Tizen TV with Alexa Compatibility,Samsung ,589900.0,425990.0,2.0,2.0,5.0,https://www.croma.com/samsung-series-9-189-cm-75-inch-qled-4k-ultra-hd-tizen-tv-with-alexa-compatibility/p/251992,/samsung-series-9-189-cm-75-inch-qled-4k-ultra-hd-tizen-tv-with-alexa-compatibility/p/251992
91,SAMSUNG Series 8 189 cm (75 inch) 4K Ultra HD LED Tizen TV with Alexa Compatibility,Samsung ,239900.0,164990.0,3.0,3.0,5.0,https://www.croma.com/samsung-series-8-189-cm-75-inch-4k-ultra-hd-led-tizen-tv-with-alexa-compatibility/p/252009,/samsung-series-8-189-cm-75-inch-4k-ultra-hd-led-tizen-tv-with-alexa-compatibility/p/252009
92,SAMSUNG Series 8 125 cm (50 inch) 4K Ultra HD LED Tizen TV with Alexa Compatibility,Samsung ,78900.0,55990.0,33.0,31.0,4.5,https://www.croma.com/samsung-series-8-125-cm-50-inch-4k-ultra-hd-led-tizen-tv-with-alexa-compatibility/p/252005,/samsung-series-8-125-cm-50-inch-4k-ultra-hd-led-tizen-tv-with-alexa-compatibility/p/252005
93,SAMSUNG Series 8 163 cm (65 inch) 4K Ultra HD LED Tizen TV with Alexa Compatibility,Samsung ,137900.0,94990.0,7.0,6.0,4.7,https://www.croma.com/samsung-series-8-163-cm-65-inch-4k-ultra-hd-led-tizen-tv-with-alexa-compatibility/p/252007,/samsung-series-8-163-cm-65-inch-4k-ultra-hd-led-tizen-tv-with-alexa-compatibility/p/252007
94,SAMSUNG Series 9 163 cm (65 inch) QLED 4K Ultra HD Tizen TV with Alexa Compatibility,Samsung ,304900.0,199990.0,1.0,1.0,5.0,https://www.croma.com/samsung-series-9-163-cm-65-inch-qled-4k-ultra-hd-tizen-tv-with-alexa-compatibility/p/251991,/samsung-series-9-163-cm-65-inch-qled-4k-ultra-hd-tizen-tv-with-alexa-compatibility/p/251991
95,SAMSUNG Series 9 163 cm (65 inch) QLED 4K Ultra HD Tizen TV with Alexa Compatibility,Samsung ,349900.0,259990.0,2.0,2.0,2.0,https://www.croma.com/samsung-series-9-163-cm-65-inch-qled-4k-ultra-hd-tizen-tv-with-alexa-compatibility/p/252000,/samsung-series-9-163-cm-65-inch-qled-4k-ultra-hd-tizen-tv-with-alexa-compatibility/p/252000
96,SAMSUNG Series 8 163 cm (65 inch) QLED 4K Ultra HD Tizen TV with Alexa Compatibility,Samsung ,279900.0,183990.0,2.0,2.0,5.0,https://www.croma.com/samsung-series-8-163-cm-65-inch-qled-4k-ultra-hd-tizen-tv-with-alexa-compatibility/p/251995,/samsung-series-8-163-cm-65-inch-qled-4k-ultra-hd-tizen-tv-with-alexa-compatibility/p/251995
97,SAMSUNG LS Frame Series 163 cm (65 inch) QLED 4K Ultra HD Tizen TV with Alexa Compatibility,Samsung ,222900.0,130990.0,,,,https://www.croma.com/samsung-ls-frame-series-163-cm-65-inch-qled-4k-ultra-hd-tizen-tv-with-alexa-compatibility/p/251982,/samsung-ls-frame-series-163-cm-65-inch-qled-4k-ultra-hd-tizen-tv-with-alexa-compatibility/p/251982
98,SAMSUNG Series 6 163 cm (65 inch) QLED 4K Ultra HD Tizen TV with Alexa Compatibility,Samsung ,209900.0,139990.0,1.0,1.0,5.0,https://www.croma.com/samsung-series-6-163-cm-65-inch-qled-4k-ultra-hd-tizen-tv-with-alexa-compatibility/p/251987,/samsung-series-6-163-cm-65-inch-qled-4k-ultra-hd-tizen-tv-with-alexa-compatibility/p/251987
99,SAMSUNG Series 9 125 cm (50 inch) QLED 4K Ultra HD Tizen TV with Alexa Compatibility,Samsung ,136900.0,99990.0,3.0,3.0,4.7,https://www.croma.com/samsung-series-9-125-cm-50-inch-qled-4k-ultra-hd-tizen-tv-with-alexa-compatibility/p/251989,/samsung-series-9-125-cm-50-inch-qled-4k-ultra-hd-tizen-tv-with-alexa-compatibility/p/251989
100,SAMSUNG Series 8 152.4 cm (60 inch) 4K Ultra HD LED Tizen TV with Alexa Compatibility,Samsung ,103900.0,72990.0,15.0,14.0,4.5,https://www.croma.com/samsung-series-8-152-4-cm-60-inch-4k-ultra-hd-led-tizen-tv-with-alexa-compatibility/p/252008,/samsung-series-8-152-4-cm-60-inch-4k-ultra-hd-led-tizen-tv-with-alexa-compatibility/p/252008
101,SAMSUNG Series 8 138 cm (55 inch) 4K Ultra HD LED Tizen TV with Alexa Compatibility,Samsung ,89400.0,63990.0,54.0,52.0,4.6,https://www.croma.com/samsung-series-8-138-cm-55-inch-4k-ultra-hd-led-tizen-tv-with-alexa-compatibility/p/252006,/samsung-series-8-138-cm-55-inch-4k-ultra-hd-led-tizen-tv-with-alexa-compatibility/p/252006
102,SAMSUNG 8 139 cm (55 inch) 4K Ultra HD LED Tizen Smart TV with Alexa Compatibility,Samsung ,94900.0,73490.0,2.0,2.0,4.0,https://www.croma.com/samsung-8-139-cm-55-inch-4k-ultra-hd-led-tizen-smart-tv-with-alexa-compatibility/p/252012,/samsung-8-139-cm-55-inch-4k-ultra-hd-led-tizen-smart-tv-with-alexa-compatibility/p/252012
103,SAMSUNG Series 9 138 cm (55 inch) QLED 4K Ultra HD Tizen TV with Alexa Compatibility (2022 model),Samsung ,254900.0,169990.0,1.0,1.0,4.0,https://www.croma.com/samsung-series-9-138-cm-55-inch-qled-4k-ultra-hd-tizen-tv-with-alexa-compatibility-2022-model-/p/251999,/samsung-series-9-138-cm-55-inch-qled-4k-ultra-hd-tizen-tv-with-alexa-compatibility-2022-model-/p/251999
104,SAMSUNG Series 9 138 cm (55 inch) QLED 4K Ultra HD Tizen TV with Alexa Compatibility,Samsung ,219900.0,144990.0,1.0,1.0,5.0,https://www.croma.com/samsung-series-9-138-cm-55-inch-qled-4k-ultra-hd-tizen-tv-with-alexa-compatibility/p/251990,/samsung-series-9-138-cm-55-inch-qled-4k-ultra-hd-tizen-tv-with-alexa-compatibility/p/251990
105,SAMSUNG Series 8 138 cm (55 inch) QLED 4K Ultra HD Tizen TV with Alexa Compatibility,Samsung ,199900.0,132990.0,16.0,16.0,4.9,https://www.croma.com/samsung-series-8-138-cm-55-inch-qled-4k-ultra-hd-tizen-tv-with-alexa-compatibility/p/251994,/samsung-series-8-138-cm-55-inch-qled-4k-ultra-hd-tizen-tv-with-alexa-compatibility/p/251994
106,SAMSUNG Series 6 138 cm (55 inch) QLED 4K Ultra HD Tizen TV with Alexa Compatibility,Samsung ,121900.0,81990.0,10.0,10.0,4.0,https://www.croma.com/samsung-series-6-138-cm-55-inch-qled-4k-ultra-hd-tizen-tv-with-alexa-compatibility/p/251986,/samsung-series-6-138-cm-55-inch-qled-4k-ultra-hd-tizen-tv-with-alexa-compatibility/p/251986
107,SAMSUNG LS Frame Series 138 cm (55 inch) QLED 4K Ultra HD Tizen TV with Alexa Compatibility,Samsung ,144900.0,86990.0,17.0,17.0,4.6,https://www.croma.com/samsung-ls-frame-series-138-cm-55-inch-qled-4k-ultra-hd-tizen-tv-with-alexa-compatibility/p/251981,/samsung-ls-frame-series-138-cm-55-inch-qled-4k-ultra-hd-tizen-tv-with-alexa-compatibility/p/251981
108,SAMSUNG Series 6 125 cm (50 inch) QLED 4K Ultra HD Tizen TV with Alexa Compatibility,Samsung ,99900.0,66690.0,8.0,8.0,5.0,https://www.croma.com/samsung-series-6-125-cm-50-inch-qled-4k-ultra-hd-tizen-tv-with-alexa-compatibility/p/251985,/samsung-series-6-125-cm-50-inch-qled-4k-ultra-hd-tizen-tv-with-alexa-compatibility/p/251985
109,SAMSUNG Series 8 108 cm (43 inch) 4K Ultra HD LED Tizen TV with Alexa Compatibility (2022 model),Samsung ,62900.0,43990.0,86.0,84.0,4.6,https://www.croma.com/samsung-series-8-108-cm-43-inch-4k-ultra-hd-led-tizen-tv-with-alexa-compatibility-2022-model-/p/252004,/samsung-series-8-108-cm-43-inch-4k-ultra-hd-led-tizen-tv-with-alexa-compatibility-2022-model-/p/252004
110,SAMSUNG Series 8 108cm (43 inch) 4K Ultra HD LED Tizen TV with Alexa Compatibility,Samsung ,64900.0,47990.0,5.0,5.0,5.0,https://www.croma.com/samsung-series-8-108cm-43-inch-4k-ultra-hd-led-tizen-tv-with-alexa-compatibility/p/252011,/samsung-series-8-108cm-43-inch-4k-ultra-hd-led-tizen-tv-with-alexa-compatibility/p/252011
111,SAMSUNG Series 6 108 cm (43 inch) QLED 4K Ultra HD Tizen TV with Alexa Compatibility,Samsung ,79900.0,57990.0,5.0,5.0,5.0,https://www.croma.com/samsung-series-6-108-cm-43-inch-qled-4k-ultra-hd-tizen-tv-with-alexa-compatibility/p/251984,/samsung-series-6-108-cm-43-inch-qled-4k-ultra-hd-tizen-tv-with-alexa-compatibility/p/251984
112,SAMSUNG LS Frame Series 108 cm (43 inch) QLED 4K Ultra HD Tizen TV with Alexa Compatibility,Samsung ,91900.0,56990.0,3.0,3.0,5.0,https://www.croma.com/samsung-ls-frame-series-108-cm-43-inch-qled-4k-ultra-hd-tizen-tv-with-alexa-compatibility/p/251809,/samsung-ls-frame-series-108-cm-43-inch-qled-4k-ultra-hd-tizen-tv-with-alexa-compatibility/p/251809
113,Panasonic LX 139 cm (55 inch) 4K Ultra HD LED Android TV with Alexa Compatibility,Panasonic ,82990.0,61490.0,3.0,3.0,4.0,https://www.croma.com/panasonic-lx-139-cm-55-inch-4k-ultra-hd-led-android-tv-with-alexa-compatibility/p/251787,/panasonic-lx-139-cm-55-inch-4k-ultra-hd-led-android-tv-with-alexa-compatibility/p/251787
114,Panasonic LX 108 cm (43 inch) 4K Ultra HD LED Android TV with Google Assistant,Panasonic ,56990.0,44990.0,2.0,2.0,4.5,https://www.croma.com/panasonic-lx-108-cm-43-inch-4k-ultra-hd-led-android-tv-with-google-assistant/p/251786,/panasonic-lx-108-cm-43-inch-4k-ultra-hd-led-android-tv-with-google-assistant/p/251786
115,Panasonic LX 108 cm (43 inch) 4K Ultra HD LED Android TV with Google Assistant,Panasonic ,51990.0,38990.0,7.0,7.0,4.7,https://www.croma.com/panasonic-lx-108-cm-43-inch-4k-ultra-hd-led-android-tv-with-google-assistant/p/251785,/panasonic-lx-108-cm-43-inch-4k-ultra-hd-led-android-tv-with-google-assistant/p/251785
116,Croma 165 cm (65 inch) 4K Ultra HD LED Android TV with Google Assistant (2022 model),Croma ,150000.0,58990.0,52.0,50.0,4.5,https://www.croma.com/croma-165-cm-65-inch-4k-ultra-hd-led-android-tv-with-google-assistant-2022-model-/p/251015,/croma-165-cm-65-inch-4k-ultra-hd-led-android-tv-with-google-assistant-2022-model-/p/251015
117,Croma 127 cm (50 inch) 4K Ultra HD LED Android TV with Google Assistant (2022 model),Croma ,60000.0,33990.0,69.0,68.0,4.7,https://www.croma.com/croma-127-cm-50-inch-4k-ultra-hd-led-android-tv-with-google-assistant-2022-model-/p/251013,/croma-127-cm-50-inch-4k-ultra-hd-led-android-tv-with-google-assistant-2022-model-/p/251013
118,Croma 139 cm (55 inch) 4K Ultra HD LED Android TV with Google Assistant (2022 model),Croma ,75000.0,39990.0,105.0,97.0,4.5,https://www.croma.com/croma-139-cm-55-inch-4k-ultra-hd-led-android-tv-with-google-assistant-2022-model-/p/251014,/croma-139-cm-55-inch-4k-ultra-hd-led-android-tv-with-google-assistant-2022-model-/p/251014
119,Croma 109 cm (43 inch) 4K Ultra HD LED Android TV with Google Assistant (2022 model),Croma ,50000.0,27990.0,97.0,95.0,4.5,https://www.croma.com/croma-109-cm-43-inch-4k-ultra-hd-led-android-tv-with-google-assistant-2022-model-/p/251012,/croma-109-cm-43-inch-4k-ultra-hd-led-android-tv-with-google-assistant-2022-model-/p/251012
120,Haier K Series 126 cm (50 inch) 4K Ultra HD LED Android TV with Google Assistant,Haier ,64990.0,39990.0,,,,https://www.croma.com/haier-k-series-126-cm-50-inch-4k-ultra-hd-led-android-tv-with-google-assistant/p/251225,/haier-k-series-126-cm-50-inch-4k-ultra-hd-led-android-tv-with-google-assistant/p/251225
121,Haier K Series 147 cm (58 inch) 4K Ultra HD LED Android TV with Google Assistant,Haier ,91990.0,52190.0,,,,https://www.croma.com/haier-k-series-147-cm-58-inch-4k-ultra-hd-led-android-tv-with-google-assistant/p/251227,/haier-k-series-147-cm-58-inch-4k-ultra-hd-led-android-tv-with-google-assistant/p/251227
122,SAMSUNG Crystal 4K Pro 146 cm (58 inch) 4K Ultra HD LED Tizen TV with Alexa Compatibility (2021 model),Samsung ,80900.0,48490.0,,,,https://www.croma.com/samsung-crystal-4k-pro-146-cm-58-inch-4k-ultra-hd-led-tizen-tv-with-alexa-compatibility-2021-model-/p/250635,/samsung-crystal-4k-pro-146-cm-58-inch-4k-ultra-hd-led-tizen-tv-with-alexa-compatibility-2021-model-/p/250635
123,SAMSUNG Crystal 4K Pro 163 cm (65 inch) 4K Ultra HD LED Tizen TV with Alexa Compatibility (2021 model),Samsung ,125900.0,81990.0,,,,https://www.croma.com/samsung-crystal-4k-pro-163-cm-65-inch-4k-ultra-hd-led-tizen-tv-with-alexa-compatibility-2021-model-/p/250636,/samsung-crystal-4k-pro-163-cm-65-inch-4k-ultra-hd-led-tizen-tv-with-alexa-compatibility-2021-model-/p/250636
124,SAMSUNG Crystal 4K Pro 125 cm (50 inch) 4K Ultra HD LED Tizen TV with Alexa Compatibility (2021 model),Samsung ,71400.0,45990.0,1.0,1.0,3.0,https://www.croma.com/samsung-crystal-4k-pro-125-cm-50-inch-4k-ultra-hd-led-tizen-tv-with-alexa-compatibility-2021-model-/p/250633,/samsung-crystal-4k-pro-125-cm-50-inch-4k-ultra-hd-led-tizen-tv-with-alexa-compatibility-2021-model-/p/250633
125,SAMSUNG Crystal 4K Pro 138 cm (55 inch) 4K Ultra HD LED Tizen TV with Alexa Compatibility (2021 model),Samsung ,76900.0,45990.0,,,,https://www.croma.com/samsung-crystal-4k-pro-138-cm-55-inch-4k-ultra-hd-led-tizen-tv-with-alexa-compatibility-2021-model-/p/250634,/samsung-crystal-4k-pro-138-cm-55-inch-4k-ultra-hd-led-tizen-tv-with-alexa-compatibility-2021-model-/p/250634
126,SAMSUNG Crystal 4K Pro 108 cm (43 inch) 4K Ultra HD LED Tizen TV with Alexa Compatibility (2021 model),Samsung ,54900.0,32990.0,3.0,2.0,4.7,https://www.croma.com/samsung-crystal-4k-pro-108-cm-43-inch-4k-ultra-hd-led-tizen-tv-with-alexa-compatibility-2021-model-/p/250632,/samsung-crystal-4k-pro-108-cm-43-inch-4k-ultra-hd-led-tizen-tv-with-alexa-compatibility-2021-model-/p/250632
127,Akai 109 cm (43 inch) 4K Ultra HD LED Fire TV with Alexa Compatibility (2021 model),Akai ,51990.0,22999.0,,,,https://www.croma.com/akai-109-cm-43-inch-4k-ultra-hd-led-fire-tv-with-alexa-compatibility-2021-model-/p/246448,/akai-109-cm-43-inch-4k-ultra-hd-led-fire-tv-with-alexa-compatibility-2021-model-/p/246448
128,Akai 139 cm (55 inch) 4K Ultra HD LED Fire TV with Alexa Compatibility (2021 model),Akai ,70990.0,32999.0,,,,https://www.croma.com/akai-139-cm-55-inch-4k-ultra-hd-led-fire-tv-with-alexa-compatibility-2021-model-/p/246760,/akai-139-cm-55-inch-4k-ultra-hd-led-fire-tv-with-alexa-compatibility-2021-model-/p/246760
129,iFFALCON U71 Series 139.7 cm (55 inch) 4K Ultra HD LED Fire TV with Hands-Free Voice Control,iFFALCON ,70990.0,34990.0,,,,https://www.croma.com/iffalcon-u71-series-139-7-cm-55-inch-4k-ultra-hd-led-fire-tv-with-hands-free-voice-control/p/246517,/iffalcon-u71-series-139-7-cm-55-inch-4k-ultra-hd-led-fire-tv-with-hands-free-voice-control/p/246517
130,Kodak CA Series 164 cm (65 inch) 4K Ultra HD LED Android TV with Google Assistant (2020 model),Kodak ,70499.0,47999.0,,,,https://www.croma.com/kodak-ca-series-164-cm-65-inch-4k-ultra-hd-led-android-tv-with-google-assistant-2020-model-/p/246061,/kodak-ca-series-164-cm-65-inch-4k-ultra-hd-led-android-tv-with-google-assistant-2020-model-/p/246061
131,SAMSUNG Series 9 247 cm (98 inch) QLED 4K Ultra HD Tizen TV with Alexa Compatibility,Samsung ,2299000.0,1674000.0,,,,https://www.croma.com/samsung-series-9-247-cm-98-inch-qled-4k-ultra-hd-tizen-tv-with-alexa-compatibility/p/245102,/samsung-series-9-247-cm-98-inch-qled-4k-ultra-hd-tizen-tv-with-alexa-compatibility/p/245102
132,OnePlus U Series 164 cm (65 inch) 4K Ultra HD LED Android TV with Built-in Google Assistant (2021 model),One Plus ,69999.0,61999.0,2.0,2.0,5.0,https://www.croma.com/oneplus-u-series-164-cm-65-inch-4k-ultra-hd-led-android-tv-with-built-in-google-assistant-2021-model-/p/244463,/oneplus-u-series-164-cm-65-inch-4k-ultra-hd-led-android-tv-with-built-in-google-assistant-2021-model-/p/244463
133,OnePlus U Series 139 cm (55 inch) 4K Ultra HD LED Android TV with Built-in Google Assistant (2021 model),One Plus ,59999.0,42999.0,12.0,8.0,3.7,https://www.croma.com/oneplus-u-series-139-cm-55-inch-4k-ultra-hd-led-android-tv-with-built-in-google-assistant-2021-model-/p/244462,/oneplus-u-series-139-cm-55-inch-4k-ultra-hd-led-android-tv-with-built-in-google-assistant-2021-model-/p/244462
134,OnePlus U Series 126 cm (50 inch) 4K Ultra HD LED Android TV with Built-in Google Assistant (2021 model),One Plus ,49999.0,37999.0,10.0,8.0,4.9,https://www.croma.com/oneplus-u-series-126-cm-50-inch-4k-ultra-hd-led-android-tv-with-built-in-google-assistant-2021-model-/p/244461,/oneplus-u-series-126-cm-50-inch-4k-ultra-hd-led-android-tv-with-built-in-google-assistant-2021-model-/p/244461
135,Mi 5X 125.7 cm (50 inch) 4K Ultra HD LED Android TV with Alexa Compatibility (2021 model),Redmi ,59999.0,40999.0,17.0,11.0,3.6,https://www.croma.com/mi-5x-125-7-cm-50-inch-4k-ultra-hd-led-android-tv-with-alexa-compatibility-2021-model-/p/242861,/mi-5x-125-7-cm-50-inch-4k-ultra-hd-led-android-tv-with-alexa-compatibility-2021-model-/p/242861
136,Mi 5X 138.8 cm (55 inch) 4K Ultra HD LED Android TV with Alexa Compatibility (2021 model),Redmi ,69999.0,46999.0,17.0,12.0,4.5,https://www.croma.com/mi-5x-138-8-cm-55-inch-4k-ultra-hd-led-android-tv-with-alexa-compatibility-2021-model-/p/242862,/mi-5x-138-8-cm-55-inch-4k-ultra-hd-led-android-tv-with-alexa-compatibility-2021-model-/p/242862
137,LG UM77 109.22 cm (43 inch) 4K Ultra HD LED WebOS TV with Alexa Compatibility (2021 model),LG ,64990.0,42090.0,75.0,60.0,4.6,https://www.croma.com/lg-um77-109-22-cm-43-inch-4k-ultra-hd-led-webos-tv-with-alexa-compatibility-2021-model-/p/241718,/lg-um77-109-22-cm-43-inch-4k-ultra-hd-led-webos-tv-with-alexa-compatibility-2021-model-/p/241718
138,LG Nano75 190.5 cm (75 inch) 4K Ultra HD Nano Cell WebOS TV with Alexa Compatibility,LG ,329990.0,189990.0,,,,https://www.croma.com/lg-nano75-190-5-cm-75-inch-4k-ultra-hd-nano-cell-webos-tv-with-alexa-compatibility/p/241713,/lg-nano75-190-5-cm-75-inch-4k-ultra-hd-nano-cell-webos-tv-with-alexa-compatibility/p/241713
139,LG Nano83 164 cm (65 inch) 4K Ultra HD Nano Cell WebOS TV with Alexa Compatibility (2021 model),LG ,249990.0,110990.0,,,,https://www.croma.com/lg-nano83-164-cm-65-inch-4k-ultra-hd-nano-cell-webos-tv-with-alexa-compatibility-2021-model-/p/241225,/lg-nano83-164-cm-65-inch-4k-ultra-hd-nano-cell-webos-tv-with-alexa-compatibility-2021-model-/p/241225
140,Hisense U6G 139 cm (55 inch) QLED 4K Ultra HD Android TV with Google Assistant (2021 model),Hisense ,79990.0,44990.0,11.0,11.0,4.1,https://www.croma.com/hisense-u6g-139-cm-55-inch-qled-4k-ultra-hd-android-tv-with-google-assistant-2021-model-/p/240640,/hisense-u6g-139-cm-55-inch-qled-4k-ultra-hd-android-tv-with-google-assistant-2021-model-/p/240640
141,SONY Bravia A80J 139 cm (55 inch) OLED 4K Ultra HD Android TV with Alexa Compatibility,Sony ,249900.0,124990.0,30.0,21.0,4.6,https://www.croma.com/sony-bravia-a80j-139-cm-55-inch-oled-4k-ultra-hd-android-tv-with-alexa-compatibility/p/237752,/sony-bravia-a80j-139-cm-55-inch-oled-4k-ultra-hd-android-tv-with-alexa-compatibility/p/237752
142,Detel 124 cm (49 inch) 4K Ultra HD LED Android TV with Google Assistant (2019 model),DI49SKA ,69999.0,27999.0,,,,https://www.croma.com/detel-124-cm-49-inch-4k-ultra-hd-led-android-tv-with-google-assistant-2019-model-/p/236173,/detel-124-cm-49-inch-4k-ultra-hd-led-android-tv-with-google-assistant-2019-model-/p/236173
143,Detel 140 cm (55 inch) 4K Ultra HD LED Android TV with Google Assistant (2018 model),DI55SKA ,89999.0,29990.0,,,,https://www.croma.com/detel-140-cm-55-inch-4k-ultra-hd-led-android-tv-with-google-assistant-2018-model-/p/236175,/detel-140-cm-55-inch-4k-ultra-hd-led-android-tv-with-google-assistant-2018-model-/p/236175
144,Detel 165.1 cm (65 inch) 4K Ultra HD LED Android TV,Detel ,119999.0,49990.0,,,,https://www.croma.com/detel-165-1-cm-65-inch-4k-ultra-hd-led-android-tv/p/236174,/detel-165-1-cm-65-inch-4k-ultra-hd-led-android-tv/p/236174
145,SAMSUNG Series 7 178 cm (70 inch) 4K Ultra HD LED Tizen TV with Alexa Compatibility,Samsung ,154900.0,105990.0,7.0,6.0,5.0,https://www.croma.com/samsung-series-7-178-cm-70-inch-4k-ultra-hd-led-tizen-tv-with-alexa-compatibility/p/234619,/samsung-series-7-178-cm-70-inch-4k-ultra-hd-led-tizen-tv-with-alexa-compatibility/p/234619
146,SAMSUNG Series 7 163 cm (65 inch) QLED 4K Ultra HD Tizen TV with Alexa Compatibility,Samsung ,234900.0,181490.0,1.0,1.0,5.0,https://www.croma.com/samsung-series-7-163-cm-65-inch-qled-4k-ultra-hd-tizen-tv-with-alexa-compatibility/p/234611,/samsung-series-7-163-cm-65-inch-qled-4k-ultra-hd-tizen-tv-with-alexa-compatibility/p/234611
147,SAMSUNG Series 7 163 cm (65 inch) 4K Ultra HD LED Tizen TV with Alexa Compatibility (2021 model),Samsung ,124900.0,81990.0,8.0,7.0,5.0,https://www.croma.com/samsung-series-7-163-cm-65-inch-4k-ultra-hd-led-tizen-tv-with-alexa-compatibility-2021-model-/p/234603,/samsung-series-7-163-cm-65-inch-4k-ultra-hd-led-tizen-tv-with-alexa-compatibility-2021-model-/p/234603
148,SAMSUNG Series 7 138 cm (55 inch) 4K Ultra HD LED Tizen TV with Alexa Compatibility (2021 model),Samsung ,79400.0,60490.0,85.0,74.0,4.4,https://www.croma.com/samsung-series-7-138-cm-55-inch-4k-ultra-hd-led-tizen-tv-with-alexa-compatibility-2021-model-/p/234601,/samsung-series-7-138-cm-55-inch-4k-ultra-hd-led-tizen-tv-with-alexa-compatibility-2021-model-/p/234601
149,SAMSUNG Series 7 108 cm (43 inch) 4K Ultra HD LED Tizen TV with Alexa Compatibility (2021 model),Samsung ,54900.0,39990.0,108.0,86.0,4.3,https://www.croma.com/samsung-series-7-108-cm-43-inch-4k-ultra-hd-led-tizen-tv-with-alexa-compatibility-2021-model-/p/234367,/samsung-series-7-108-cm-43-inch-4k-ultra-hd-led-tizen-tv-with-alexa-compatibility-2021-model-/p/234367
150,Panasonic Viera 108 cm (43 inch) 4K Ultra HD LED Android TV with Alexa Compatibility (2020 model),Panasonic ,56990.0,32990.0,10.0,3.0,4.4,https://www.croma.com/panasonic-viera-108-cm-43-inch-4k-ultra-hd-led-android-tv-with-alexa-compatibility-2020-model-/p/233299,/panasonic-viera-108-cm-43-inch-4k-ultra-hd-led-android-tv-with-alexa-compatibility-2020-model-/p/233299
151,Hisense A73F 164 cm (65 inch) 4K Ultra HD LED Android TV with Google Assistant (2021 model),Hisense ,82990.0,54990.0,2.0,1.0,5.0,https://www.croma.com/hisense-a73f-164-cm-65-inch-4k-ultra-hd-led-android-tv-with-google-assistant-2021-model-/p/233060,/hisense-a73f-164-cm-65-inch-4k-ultra-hd-led-android-tv-with-google-assistant-2021-model-/p/233060
152,Hisense A71F 139 cm (55 inch) 4K Ultra HD LED Android TV with Google Assistant (2020 model),Hisense ,49990.0,33990.0,10.0,8.0,4.5,https://www.croma.com/hisense-a71f-139-cm-55-inch-4k-ultra-hd-led-android-tv-with-google-assistant-2020-model-/p/233047,/hisense-a71f-139-cm-55-inch-4k-ultra-hd-led-android-tv-with-google-assistant-2020-model-/p/233047
153,Hisense A71F 108 cm (43 inch) 4K Ultra HD LED Android TV with Google Assistant (2020 model),Hisense ,36990.0,23990.0,46.0,35.0,4.7,https://www.croma.com/hisense-a71f-108-cm-43-inch-4k-ultra-hd-led-android-tv-with-google-assistant-2020-model-/p/233045,/hisense-a71f-108-cm-43-inch-4k-ultra-hd-led-android-tv-with-google-assistant-2020-model-/p/233045
154,Haier K6600 Series 108 cm (43 inch) 4K Ultra HD LED Android TV with Google Assistant (2020 model),Haier ,51490.0,33990.0,16.0,10.0,4.3,https://www.croma.com/haier-k6600-series-108-cm-43-inch-4k-ultra-hd-led-android-tv-with-google-assistant-2020-model-/p/232856,/haier-k6600-series-108-cm-43-inch-4k-ultra-hd-led-android-tv-with-google-assistant-2020-model-/p/232856
